<?xml version="1.0" encoding="UTF-8"?>
<project-private xmlns="http://www.netbeans.org/ns/project-private/1">
    <editor-bookmarks xmlns="http://www.netbeans.org/ns/editor-bookmarks/2" lastBookmarkId="0"/>
    <open-files xmlns="http://www.netbeans.org/ns/projectui-open-files/2">
        <group>
            <file>file:/C:/Program%20Files/NetBeans%208.1/bin/Psbdfilesrvr.psu-erie.bd.psu.edu/student/BXB5236/Private/desktop/WEB/Roster/src/java/Roster.java</file>
            <file>file:/C:/Program%20Files/NetBeans%208.1/bin/Psbdfilesrvr.psu-erie.bd.psu.edu/student/BXB5236/Private/desktop/WEB/Roster/src/java/Student.java</file>
            <file>file:/C:/Program%20Files/NetBeans%208.1/bin/Psbdfilesrvr.psu-erie.bd.psu.edu/student/BXB5236/Private/desktop/WEB/Roster/web/roster.jsp</file>
            <file>file:/C:/Program%20Files/NetBeans%208.1/bin/Psbdfilesrvr.psu-erie.bd.psu.edu/student/BXB5236/Private/desktop/WEB/Roster/web/index.html</file>
            <file>file:/C:/Program%20Files/NetBeans%208.1/bin/Psbdfilesrvr.psu-erie.bd.psu.edu/student/BXB5236/Private/desktop/WEB/Roster/build/generated/src/org/apache/jsp/roster_jsp.java</file>
            <file>file:/C:/Program%20Files/NetBeans%208.1/bin/Psbdfilesrvr.psu-erie.bd.psu.edu/student/BXB5236/Private/desktop/WEB/Roster/src/java/org/apache/jsp/Roster.java</file>
            <file>file:/C:/Program%20Files/NetBeans%208.1/bin/Psbdfilesrvr.psu-erie.bd.psu.edu/student/BXB5236/Private/desktop/WEB/Roster/src/java/org/apache/jsp/Student.java</file>
        </group>
    </open-files>
</project-private>
